Mass,CAS,Drag_BADA,Drag_PRN,RMSE
178560.0,283.3,85845.609161554,93090.0,7244.390838445994
