Mass,CAS,Drag_BADA,Drag_PRN,RMSE
169377.0,277.4,80856.81286730948,88950.0,8093.187132690524
