Mass,CAS,Drag_BADA,Drag_PRN,RMSE
160307.0,271.5,76002.77160922605,84960.0,8957.228390773947
